timestamp,raw_green,filtered_signal,bpm_fft,bpm_peaks,confidence
1772578205.191553,15.79,,,,
1772578205.2249658,23.83,,,,
1772578205.261379,30.63,,,,
1772578205.2950542,37.62,,,,
1772578205.3294542,42.86,,,,
1772578205.360199,47.38,,,,
1772578205.3947258,51.95,,,,
1772578205.427722,55.37,,,,
1772578205.461472,59.95,,,,
1772578205.495487,63.63,,,,
1772578205.533843,66.57,,,,
1772578205.5667431,69.96,,,,
1772578205.6033669,71.96,,,,
1772578205.6662989,74.6,,,,
1772578205.739358,77.36,,,,
1772578205.816003,81.42,,,,
1772578205.879636,85.3,,,,
1772578205.946938,89.06,,,,
1772578205.983144,88.09,,,,
1772578206.042549,93.43,,,,
1772578206.104945,93.01,,,,
1772578206.1466072,94.84,,,,
1772578206.2070432,97.01,,,,
1772578206.246633,100.1,,,,
1772578206.3119192,100.76,,,,
1772578206.379274,98.38,,,,
1772578206.439308,99.88,,,,
1772578206.472815,101.87,,,,
1772578206.510188,105.53,,,,
1772578206.552619,105.44,,,,
1772578206.613688,105.61,,,,
1772578206.65076,104.3,,,,
1772578206.7047548,106.34,,,,
1772578206.744534,106.66,,,,
1772578206.788312,107.72,,,,
1772578206.835021,108.72,,,,
1772578206.892527,108.48,,,,
1772578206.933527,109.15,,,,
1772578206.987563,110.02,,,,
1772578207.048216,109.49,,,,
1772578207.084864,110.71,,,,
1772578207.152601,108.78,,,,
1772578207.219934,107.29,,,,
1772578207.2848809,106.71,,,,
1772578207.327343,108.85,,,,
1772578207.388044,105.55,,,,
1772578207.4361851,93.8,,,,
1772578207.493006,87.17,,,,
1772578207.530287,109.3,,,,
1772578207.586443,114.11,,,,
1772578207.625823,118.59,,,,
1772578207.6851368,116.49,,,,
1772578207.718024,110.27,,,,
1772578207.759168,110.13,,,,
1772578207.812384,115.05,,,,
1772578207.88239,114.29,,,,
1772578207.947741,110.45,,,,
1772578207.990276,113.06,,,,
1772578208.050307,115.36,,,,
1772578208.119172,118.1,,,,
1772578208.172559,119.92,,,,
1772578208.224854,118.18,,,,
1772578208.269465,120.43,,,,
1772578208.322336,118.31,,,,
1772578208.373441,118.99,,,,
1772578208.42407,118.98,,,,
1772578208.488565,119.39,,,,
1772578208.522143,118.95,,,,
1772578208.581227,119.93,,,,
1772578208.6507468,116.71,,,,
1772578208.710743,113.36,,,,
1772578208.7468228,109.89,,,,
1772578208.7853599,108.15,,,,
1772578208.848195,108.6,,,,
1772578208.8874292,106.64,,,,
1772578208.9277701,106.34,,,,
1772578208.9885252,104.35,,,,
1772578209.054739,104.77,,,,
1772578209.106824,103.26,,,,
1772578209.151823,104.49,,,,
1772578209.218372,103.35,,,,
1772578209.286788,103.56,,,,
1772578209.351686,105.61,,,,
1772578209.406386,105.42,,,,
1772578209.440505,105.45,,,,
1772578209.4724212,105.38,,,,
1772578209.5068831,106.74,,,,
1772578209.544255,107.59,,,,
1772578209.607888,106.08,,,,
1772578209.641984,106.83,,,,
1772578209.6772249,106.94,,,,
1772578209.716125,106.16,,,,
1772578209.776615,104.49,,,,
1772578209.817803,106.83,,,,
1772578209.888673,106.59,,,,
1772578209.9568489,108.12,,,,
1772578210.022388,107.74,,,,
1772578210.061568,110.0,,,,
1772578210.1107972,110.19,,,,
1772578210.145386,110.21,,,,
1772578210.1809568,111.72,,,,
1772578210.2170281,110.55,,,,
1772578210.258999,108.4,,,,
1772578210.309202,109.82,,,,
1772578210.347423,109.34,,,,
1772578210.412825,107.32,,,,
1772578210.449192,107.34,,,,
1772578210.4885602,107.54,,,,
1772578210.5311282,110.14,,,,
1772578210.5836108,110.29,,,,
1772578210.626955,107.4,,,,
1772578210.683979,105.63,,,,
1772578210.7513468,109.6,,,,
1772578210.805629,112.31,,,,
1772578210.835496,108.73,,,,
1772578210.867247,112.1,,,,
1772578210.901737,112.57,,,,
1772578210.9411578,109.95,,,,
1772578210.989511,112.78,,,,
1772578211.050297,112.57,,,,
1772578211.087391,114.1,,,,
1772578211.156184,113.35,,,,
1772578211.249145,110.65,,,,
1772578211.296041,111.27,,,,
1772578211.353174,113.31,,,,
1772578211.389602,114.79,,,,
1772578211.452178,113.35,,,,
1772578211.530724,112.29,,,,
1772578211.587548,111.49,,,,
1772578211.645962,113.03,,,,
1772578211.6762729,113.09,,,,
1772578211.7558012,112.08,,,,
1772578211.867712,111.33,,,,
1772578211.9251049,110.48,,,,
1772578211.9825048,111.21,,,,
1772578212.0386372,111.72,,,,
1772578212.072372,111.12,,,,
1772578212.104934,110.17,,,,
1772578212.14382,110.04,,,,
1772578212.179876,110.67,,,,
1772578212.219452,110.91,,,,
1772578212.2931688,111.14,,,,
1772578212.363144,111.69,,,,
1772578212.459636,111.49,,,,
1772578212.555189,111.17,,,,
1772578212.6088588,113.61,,,,
1772578212.6648169,112.67,,,,
1772578212.7319229,112.0,,,,
1772578212.778338,112.19,,,,
1772578212.8353212,108.57,-0.12,,,LOW
1772578212.880125,110.16,-0.1,,,HIGH
1772578212.940971,109.86,-0.06,,,HIGH
1772578212.9882739,110.36,-0.02,,,HIGH
1772578213.073298,110.61,0.03,59.2,89.4,HIGH
1772578213.1656268,110.53,0.05,59.0,89.7,HIGH
1772578213.220098,111.93,0.05,58.8,90.0,HIGH
1772578213.278825,110.02,0.03,58.6,90.0,HIGH
1772578213.360055,110.34,-0.0,58.4,90.0,HIGH
1772578213.429588,108.64,-0.05,58.2,90.0,HIGH
1772578213.487982,110.91,-0.1,57.9,90.0,HIGH
1772578213.5894248,111.62,-0.14,57.5,90.0,HIGH
1772578213.676658,112.67,-0.16,57.5,90.0,MEDIUM
1772578213.739273,110.49,-0.19,57.1,90.0,MEDIUM
1772578213.781882,112.92,-0.19,57.1,90.0,MEDIUM
1772578213.843626,111.75,-0.2,57.1,90.0,MEDIUM
1772578213.875828,111.14,-0.19,57.1,90.0,MEDIUM
1772578213.9432828,110.26,-0.16,60.9,90.0,MEDIUM
1772578213.9709609,109.64,-0.1,64.5,90.3,MEDIUM
1772578214.037219,112.37,-0.03,64.5,90.9,MEDIUM
1772578214.067758,111.56,0.01,64.5,91.1,MEDIUM
1772578214.1017,110.08,0.03,64.5,91.1,MEDIUM
1772578214.137773,110.61,0.02,64.1,91.1,MEDIUM
1772578214.165866,111.23,-0.01,64.1,91.1,HIGH
1772578214.19882,109.57,-0.03,63.7,91.1,HIGH
1772578214.232796,110.05,-0.04,63.4,91.1,HIGH
1772578214.265832,109.19,-0.04,63.0,91.1,HIGH
1772578214.299069,110.51,-0.04,62.6,91.1,HIGH
1772578214.33649,110.5,-0.05,62.2,91.1,HIGH
1772578214.366251,109.61,-0.08,61.9,91.1,HIGH
1772578214.403471,110.83,-0.12,61.5,91.1,HIGH
1772578214.43441,109.29,-0.16,61.2,91.1,HIGH
1772578214.4674299,110.89,-0.18,60.9,91.1,HIGH
1772578214.5017018,108.59,-0.18,60.5,91.1,HIGH
1772578214.536733,109.06,-0.15,60.1,91.1,HIGH
1772578214.5682292,105.68,-0.12,59.9,91.1,HIGH
1772578214.600564,109.31,-0.1,59.5,91.6,HIGH
1772578214.635523,111.13,-0.08,59.1,92.3,HIGH
1772578214.668519,111.34,-0.06,58.9,92.8,HIGH
1772578214.701685,112.43,-0.06,58.5,92.8,HIGH
1772578214.73755,110.66,-0.07,58.2,93.4,HIGH
1772578214.768482,111.2,-0.08,58.0,93.4,HIGH
1772578214.800983,110.05,-0.09,57.6,93.4,HIGH
1772578214.835136,111.25,-0.1,57.2,93.9,HIGH
1772578214.8683908,111.55,-0.1,57.0,94.2,HIGH
1772578214.902634,109.6,-0.08,56.6,94.2,HIGH
1772578214.937053,109.22,-0.06,56.4,95.7,HIGH
1772578214.966354,108.22,-0.03,56.1,97.0,HIGH
1772578215.002375,109.89,-0.01,56.1,97.0,MEDIUM
1772578215.036354,108.83,0.02,56.1,97.3,MEDIUM
1772578215.067714,110.07,0.05,56.1,97.3,MEDIUM
1772578215.101846,110.64,0.09,56.1,97.3,MEDIUM
1772578215.137581,111.16,0.1,59.2,97.3,MEDIUM
1772578215.167189,110.55,0.08,62.2,97.3,MEDIUM
1772578215.200861,110.27,0.02,62.2,97.3,MEDIUM
1772578215.235371,110.6,-0.07,62.2,97.3,MEDIUM
1772578215.2673259,111.29,-0.17,62.2,97.3,MEDIUM
1772578215.301748,111.45,-0.25,62.2,97.3,HIGH
1772578215.3382242,110.8,-0.28,62.0,97.3,HIGH
1772578215.365667,110.26,-0.26,61.6,97.3,HIGH
1772578215.404403,109.08,-0.2,61.4,97.3,HIGH
1772578215.4387891,109.79,-0.14,61.0,97.3,HIGH
1772578215.471194,110.67,-0.09,60.8,98.1,HIGH
1772578215.501038,110.95,-0.04,60.5,99.2,HIGH
1772578215.53809,112.0,0.01,60.1,99.5,HIGH
1772578215.566903,111.47,0.04,59.9,99.5,HIGH
1772578215.602873,111.48,0.05,59.5,99.7,HIGH
1772578215.637274,111.05,0.02,59.3,99.7,HIGH
1772578215.670691,111.56,-0.04,59.0,100.0,HIGH
1772578215.7064362,111.72,-0.1,58.8,100.0,HIGH
1772578215.741188,112.25,-0.14,58.5,100.0,HIGH
1772578215.774504,112.18,-0.15,58.2,100.0,HIGH
1772578215.806688,111.06,-0.14,58.0,100.0,HIGH
1772578215.841203,111.46,-0.12,57.6,100.9,HIGH
1772578215.877085,111.44,-0.1,57.4,101.9,HIGH
1772578215.910851,110.48,-0.08,57.1,101.9,HIGH
1772578215.9447,111.43,-0.05,56.9,101.9,HIGH
1772578216.0091798,111.08,-0.02,56.6,101.9,HIGH
1772578216.0394099,111.21,0.02,56.4,101.9,HIGH
1772578216.1008608,112.76,0.03,56.4,101.9,MEDIUM
1772578216.135474,111.7,0.02,56.4,101.9,MEDIUM
1772578216.168569,112.23,-0.02,56.4,101.9,MEDIUM
1772578216.2048278,111.45,-0.08,56.4,101.9,MEDIUM
1772578216.233994,111.91,-0.13,59.0,101.9,MEDIUM
1772578216.2680771,110.52,-0.15,61.6,101.9,MEDIUM
1772578216.304232,110.61,-0.15,61.6,101.9,MEDIUM
1772578216.3360572,110.82,-0.13,61.6,102.7,MEDIUM
1772578216.369847,108.35,-0.11,61.6,103.3,MEDIUM
1772578216.410025,109.51,-0.09,61.6,103.8,HIGH
1772578216.440701,107.91,-0.07,61.4,103.8,HIGH
1772578216.505167,103.91,-0.04,61.1,103.8,HIGH
1772578216.542583,105.17,-0.02,60.9,103.8,HIGH
1772578216.607014,105.79,-0.0,60.6,103.3,HIGH
1772578216.6354828,105.41,0.02,60.4,103.1,HIGH
1772578216.67237,106.85,0.01,60.1,103.1,HIGH
1772578216.70635,105.5,-0.02,59.9,103.1,HIGH
1772578216.742142,104.52,-0.08,59.6,103.1,HIGH
1772578216.7749949,102.79,-0.16,59.4,103.1,HIGH
1772578216.8096561,101.41,-0.24,59.1,103.1,HIGH
1772578216.8440242,107.46,-0.28,59.1,103.1,HIGH
1772578216.891446,104.27,-0.3,58.9,103.1,MEDIUM
1772578216.9550211,105.37,-0.27,58.6,103.1,MEDIUM
1772578217.008403,106.21,-0.23,58.6,103.1,MEDIUM
1772578217.039884,106.3,-0.2,58.6,103.1,MEDIUM
1772578217.069249,104.66,-0.17,58.4,103.1,MEDIUM
1772578217.103869,103.91,-0.13,58.2,103.1,MEDIUM
1772578217.138321,104.25,-0.07,57.9,103.1,MEDIUM
1772578217.167437,105.44,0.01,57.5,103.1,MEDIUM
1772578217.204808,107.88,0.1,57.0,103.0,MEDIUM
1772578217.238029,108.5,0.18,56.6,102.9,MEDIUM
1772578217.272115,110.87,0.21,56.6,102.9,MEDIUM
1772578217.307241,110.88,0.19,56.6,102.9,MEDIUM
1772578217.343049,109.71,0.15,56.4,102.6,MEDIUM
1772578217.3741388,109.38,0.09,56.1,102.2,MEDIUM
1772578217.4407291,109.26,0.06,55.9,102.0,MEDIUM
1772578217.4732878,108.35,0.07,55.7,101.8,MEDIUM
1772578217.509181,109.89,0.1,55.3,100.4,MEDIUM
1772578217.546806,109.71,0.13,54.9,99.0,MEDIUM
1772578217.611895,108.01,0.13,54.6,98.8,MEDIUM
1772578217.641962,107.33,0.1,54.4,98.8,MEDIUM
1772578217.706322,108.41,0.07,54.2,98.8,MEDIUM
1772578217.7394922,105.85,0.07,54.0,98.8,HIGH
1772578217.773251,106.09,0.08,53.8,98.6,HIGH
1772578217.804914,108.3,0.08,53.8,98.4,MEDIUM
1772578217.8407848,106.4,0.06,53.8,98.4,MEDIUM
1772578217.8742971,104.95,-0.01,53.8,98.4,LOW
1772578217.909051,109.84,-0.14,53.8,98.4,LOW
1772578217.9412181,110.13,-0.29,59.4,98.4,LOW
1772578217.973658,108.13,-0.43,64.8,98.4,LOW
1772578218.007554,109.04,-0.52,64.8,98.4,LOW
1772578218.0443661,110.38,-0.54,64.8,98.4,MEDIUM
1772578218.076071,106.45,-0.52,64.8,98.4,MEDIUM
1772578218.144861,106.87,-0.46,64.8,98.4,HIGH
1772578218.1741152,104.97,-0.37,64.6,98.4,HIGH
1772578218.236592,106.69,-0.28,64.4,98.5,HIGH
1772578218.27498,105.79,-0.18,64.2,98.7,HIGH
1772578218.31186,107.86,-0.07,63.9,98.9,HIGH
